{"cameraMode":{"drawMode":0,"name":"Shaded","section":"Shading Mode"},"sceneLighting":false,"audioPlay":false,"sceneViewState":{"showFog":true,"showMaterialUpdate":false,"showSkybox":true,"showFlares":true,"showImageEffects":true,"showParticleSystems":true},"in2DMode":false,"pivot":{"x":24.96396255493164,"y":5.013979434967041,"z":44.33889389038086},"rotation":{"x":0.10672082751989365,"y":0.21391242742538453,"z":-0.023517658933997155,"w":0.9707221984863281},"size":14.841238021850586,"orthographic":false}