{"cameraMode":{"drawMode":0,"name":"Shaded","section":"Shading Mode"},"sceneLighting":false,"audioPlay":false,"sceneViewState":{"showFog":true,"showMaterialUpdate":false,"showSkybox":true,"showFlares":true,"showImageEffects":true,"showParticleSystems":true},"in2DMode":false,"pivot":{"x":52.79409408569336,"y":50.14916229248047,"z":28.28377914428711},"rotation":{"x":-0.22851267457008363,"y":0.16495299339294434,"z":0.039321478456258777,"w":0.9586634635925293},"size":55.125282287597659,"orthographic":false}