{"cameraMode":{"drawMode":0,"name":"Shaded","section":"Shading Mode"},"sceneLighting":false,"audioPlay":false,"sceneViewState":{"showFog":true,"showMaterialUpdate":false,"showSkybox":true,"showFlares":true,"showImageEffects":true,"showParticleSystems":true},"in2DMode":false,"pivot":{"x":7.570000171661377,"y":10.577999114990235,"z":73.9000015258789},"rotation":{"x":0.2908698320388794,"y":0.04675948992371559,"z":-0.014234248548746109,"w":0.9555120468139648},"size":1.3346290588378907,"orthographic":false}