{"cameraMode":{"drawMode":0,"name":"Shaded","section":"Shading Mode"},"sceneLighting":false,"audioPlay":false,"sceneViewState":{"showFog":true,"showMaterialUpdate":false,"showSkybox":true,"showFlares":true,"showImageEffects":true,"showParticleSystems":true},"in2DMode":false,"pivot":{"x":-29.610000610351564,"y":22.579999923706056,"z":66.80999755859375},"rotation":{"x":0.004466425161808729,"y":-0.9120913743972778,"z":0.40993890166282656,"w":0.009827704168856144},"size":8.83547306060791,"orthographic":true}