{"cameraMode":{"drawMode":0,"name":"Shaded","section":"Shading Mode"},"sceneLighting":false,"audioPlay":false,"sceneViewState":{"showFog":true,"showMaterialUpdate":false,"showSkybox":true,"showFlares":true,"showImageEffects":true,"showParticleSystems":true},"in2DMode":false,"pivot":{"x":79.6114273071289,"y":-11.671875,"z":35.04468536376953},"rotation":{"x":0.3649556040763855,"y":0.43898963928222659,"z":-0.2012755423784256,"w":0.7959808111190796},"size":15.487945556640625,"orthographic":true}