{"cameraMode":{"drawMode":0,"name":"Shaded","section":"Shading Mode"},"sceneLighting":false,"audioPlay":false,"sceneViewState":{"showFog":true,"showMaterialUpdate":false,"showSkybox":true,"showFlares":true,"showImageEffects":true,"showParticleSystems":true},"in2DMode":false,"pivot":{"x":78.0,"y":16.920000076293947,"z":31.889999389648439},"rotation":{"x":0.23315566778182984,"y":-0.717052161693573,"z":0.28175225853919985,"w":0.5933728218078613},"size":12.19486141204834,"orthographic":true}