{"cameraMode":{"drawMode":0,"name":"Shaded","section":"Shading Mode"},"sceneLighting":false,"audioPlay":false,"sceneViewState":{"showFog":true,"showMaterialUpdate":false,"showSkybox":true,"showFlares":true,"showImageEffects":true,"showParticleSystems":true},"in2DMode":false,"pivot":{"x":25.22034454345703,"y":0.5811996459960938,"z":34.016910552978519},"rotation":{"x":0.3410896956920624,"y":0.1673734337091446,"z":-0.06185600534081459,"w":0.9229409694671631},"size":32.152442932128909,"orthographic":false}