{"cameraMode":{"drawMode":0,"name":"Shaded","section":"Shading Mode"},"sceneLighting":false,"audioPlay":false,"sceneViewState":{"showFog":true,"showMaterialUpdate":false,"showSkybox":true,"showFlares":true,"showImageEffects":true,"showParticleSystems":true},"in2DMode":false,"pivot":{"x":14.92587661743164,"y":10.244708061218262,"z":20.68668556213379},"rotation":{"x":0.43203163146972659,"y":0.0944008156657219,"z":-0.04553072527050972,"w":0.8957486748695374},"size":2.2987446784973146,"orthographic":false}