{"cameraMode":{"drawMode":0,"name":"Shaded","section":"Shading Mode"},"sceneLighting":false,"audioPlay":false,"sceneViewState":{"showFog":true,"showMaterialUpdate":false,"showSkybox":true,"showFlares":true,"showImageEffects":true,"showParticleSystems":true},"in2DMode":false,"pivot":{"x":12.899999618530274,"y":10.0,"z":-21.270000457763673},"rotation":{"x":0.3576779365539551,"y":0.2236822545528412,"z":-0.08867335319519043,"w":0.9023243188858032},"size":7.071067810058594,"orthographic":true}