{"cameraMode":{"drawMode":0,"name":"Shaded","section":"Shading Mode"},"sceneLighting":false,"audioPlay":false,"sceneViewState":{"showFog":true,"showMaterialUpdate":false,"showSkybox":true,"showFlares":true,"showImageEffects":true,"showParticleSystems":true},"in2DMode":false,"pivot":{"x":29.584030151367189,"y":10.630231857299805,"z":77.234375},"rotation":{"x":0.015666330233216287,"y":0.979438066482544,"z":-0.1827850341796875,"w":0.08394677937030792},"size":5.973616600036621,"orthographic":true}