{"cameraMode":{"drawMode":0,"name":"Shaded","section":"Shading Mode"},"sceneLighting":false,"audioPlay":false,"sceneViewState":{"showFog":true,"showMaterialUpdate":false,"showSkybox":true,"showFlares":true,"showImageEffects":true,"showParticleSystems":true},"in2DMode":false,"pivot":{"x":15.319999694824219,"y":12.380508422851563,"z":77.12127685546875},"rotation":{"x":0.1554250866174698,"y":0.749682605266571,"z":-0.18939246237277986,"w":0.6149372458457947},"size":67.5936508178711,"orthographic":true}