{"cameraMode":{"drawMode":0,"name":"Shaded","section":"Shading Mode"},"sceneLighting":false,"audioPlay":false,"sceneViewState":{"showFog":true,"showMaterialUpdate":false,"showSkybox":true,"showFlares":true,"showImageEffects":true,"showParticleSystems":true},"in2DMode":false,"pivot":{"x":-29.945293426513673,"y":27.333206176757814,"z":56.92692565917969},"rotation":{"x":0.002697031246498227,"y":0.9967085123062134,"z":-0.07188727706670761,"w":0.037394244223833087},"size":6.973351001739502,"orthographic":false}