{"cameraMode":{"drawMode":0,"name":"Shaded","section":"Shading Mode"},"sceneLighting":false,"audioPlay":false,"sceneViewState":{"showFog":true,"showMaterialUpdate":false,"showSkybox":true,"showFlares":true,"showImageEffects":true,"showParticleSystems":true},"in2DMode":false,"pivot":{"x":1.6233341693878174,"y":16.3408203125,"z":83.21063232421875},"rotation":{"x":0.027647528797388078,"y":-0.19224095344543458,"z":0.00553816556930542,"w":0.9809942245483398},"size":22.711217880249025,"orthographic":false}