{"cameraMode":{"drawMode":0,"name":"Shaded","section":"Shading Mode"},"sceneLighting":false,"audioPlay":false,"sceneViewState":{"showFog":true,"showMaterialUpdate":false,"showSkybox":true,"showFlares":true,"showImageEffects":true,"showParticleSystems":true},"in2DMode":false,"pivot":{"x":65.85627746582031,"y":10.03343391418457,"z":26.13814353942871},"rotation":{"x":0.10816726833581925,"y":0.7518466711044312,"z":-0.12751217186450959,"w":0.6377832889556885},"size":4.167916774749756,"orthographic":false}