{"cameraMode":{"drawMode":0,"name":"Shaded","section":"Shading Mode"},"sceneLighting":false,"audioPlay":false,"sceneViewState":{"showFog":true,"showMaterialUpdate":false,"showSkybox":true,"showFlares":true,"showImageEffects":true,"showParticleSystems":true},"in2DMode":false,"pivot":{"x":17.18549919128418,"y":14.564998626708985,"z":19.094999313354493},"rotation":{"x":0.3649556040763855,"y":0.43898963928222659,"z":-0.2012755423784256,"w":0.7959808111190796},"size":2.33211612701416,"orthographic":true}