{"cameraMode":{"drawMode":0,"name":"Shaded","section":"Shading Mode"},"sceneLighting":false,"audioPlay":false,"sceneViewState":{"showFog":true,"showMaterialUpdate":false,"showSkybox":true,"showFlares":true,"showImageEffects":true,"showParticleSystems":true},"in2DMode":false,"pivot":{"x":16.334999084472658,"y":14.564998626708985,"z":19.094999313354493},"rotation":{"x":0.44076746702194216,"y":0.40387725830078127,"z":-0.231995090842247,"w":0.767325758934021},"size":2.6514711380004885,"orthographic":true}