{"cameraMode":{"drawMode":0,"name":"Shaded","section":"Shading Mode"},"sceneLighting":false,"audioPlay":false,"sceneViewState":{"showFog":true,"showMaterialUpdate":false,"showSkybox":true,"showFlares":true,"showImageEffects":true,"showParticleSystems":true},"in2DMode":false,"pivot":{"x":14.390778541564942,"y":10.592000007629395,"z":22.110000610351564},"rotation":{"x":-0.27695798873901369,"y":-0.1414690464735031,"z":0.041264332830905917,"w":-0.9495155811309815},"size":3.3866021633148195,"orthographic":false}