{"cameraMode":{"drawMode":0,"name":"Shaded","section":"Shading Mode"},"sceneLighting":false,"audioPlay":false,"sceneViewState":{"showFog":true,"showMaterialUpdate":false,"showSkybox":true,"showFlares":true,"showImageEffects":true,"showParticleSystems":true},"in2DMode":false,"pivot":{"x":33.28414535522461,"y":8.674721717834473,"z":3.8164730072021486},"rotation":{"x":-0.09018689393997193,"y":-0.0023927686270326378,"z":0.00021418370306491852,"w":-0.9959282279014587},"size":19.639558792114259,"orthographic":false}