{"cameraMode":{"drawMode":0,"name":"Shaded","section":"Shading Mode"},"sceneLighting":false,"audioPlay":false,"sceneViewState":{"showFog":true,"showMaterialUpdate":false,"showSkybox":true,"showFlares":true,"showImageEffects":true,"showParticleSystems":true},"in2DMode":false,"pivot":{"x":36.95000076293945,"y":0.8781678676605225,"z":4.3873701095581059},"rotation":{"x":0.15536528825759889,"y":0.00652221217751503,"z":-0.0010255846427753568,"w":0.9878436326980591},"size":1.198231816291809,"orthographic":true}