{"cameraMode":{"drawMode":0,"name":"Shaded","section":"Shading Mode"},"sceneLighting":false,"audioPlay":false,"sceneViewState":{"showFog":true,"showMaterialUpdate":false,"showSkybox":true,"showFlares":true,"showImageEffects":true,"showParticleSystems":true},"in2DMode":false,"pivot":{"x":47.70933532714844,"y":-36.34231948852539,"z":36.22390365600586},"rotation":{"x":-0.7114258408546448,"y":-0.21069064736366273,"z":-0.23943781852722169,"w":0.6262571215629578},"size":16.436429977416993,"orthographic":true}