{"cameraMode":{"drawMode":0,"name":"Shaded","section":"Shading Mode"},"sceneLighting":false,"audioPlay":false,"sceneViewState":{"showFog":true,"showMaterialUpdate":false,"showSkybox":true,"showFlares":true,"showImageEffects":true,"showParticleSystems":true},"in2DMode":false,"pivot":{"x":38.89271926879883,"y":19.391651153564454,"z":4.531925678253174},"rotation":{"x":0.05917605757713318,"y":-0.07927701622247696,"z":0.0047135064378380779,"w":0.9950942397117615},"size":44.02097702026367,"orthographic":true}